timestamp,model_name,image_path,image_name,split,ground_truth,yolo_prediction,correct,total_boxes,positive_boxes,fire_boxes,smoke_boxes,max_confidence,mean_confidence,max_any_confidence,mean_any_confidence,preprocess_ms,inference_ms,postprocess_ms,yolo_total_ms,wall_time_ms,imgsz,conf_threshold,iou_threshold,device
2026-04-24T11:56:09,best,dataset/wildfire-dataset/the_wildfire_dataset_2n_version/test/fire/50229336772_7f5719786b_o.jpg,50229336772_7f5719786b_o.jpg,test,fire,fire,True,2,2,0,2,0.7664289474487305,0.5183615535497665,0.7664289474487305,0.5183615535497665,1.5952920075505972,68.3069999795407,0.26291701942682266,70.16520900651813,98.37941697333008,640,0.25,0.7,auto
2026-04-24T11:56:09,best,dataset/wildfire-dataset/the_wildfire_dataset_2n_version/test/nofire/dave-hoefler-XfRglWxgJXk-unsplash.jpg,dave-hoefler-XfRglWxgJXk-unsplash.jpg,test,no_fire,fire,False,1,1,0,1,0.27450165152549744,0.27450165152549744,0.27450165152549744,0.27450165152549744,1.8577090231701732,60.11091702384874,0.41087501449510455,62.37950106151402,196.31891697645187,640,0.25,0.7,auto
2026-04-24T11:56:09,best,dataset/wildfire-dataset/the_wildfire_dataset_2n_version/test/fire/29431355988_ba5c97c131_o.jpg,29431355988_ba5c97c131_o.jpg,test,fire,fire,True,8,8,1,7,0.8418866991996765,0.5400065593421459,0.8418866991996765,0.5400065593421459,1.4432920143008232,52.05958301667124,0.6262919632717967,54.12916699424386,121.20295903878286,640,0.25,0.7,auto
2026-04-24T11:56:09,best,dataset/wildfire-dataset/the_wildfire_dataset_2n_version/test/nofire/christine-kozak-HuwH6i0_pwk-unsplash.jpg,christine-kozak-HuwH6i0_pwk-unsplash.jpg,test,no_fire,no_fire,True,0,0,0,0,,,,,1.6794580151326954,49.289458023849875,0.5277079762890935,51.496624015271664,105.73962499620393,640,0.25,0.7,auto
2026-04-24T11:56:09,best,dataset/wildfire-dataset/the_wildfire_dataset_2n_version/test/nofire/cole-freeman-x2Gxd6ohasU-unsplash.jpg,cole-freeman-x2Gxd6ohasU-unsplash.jpg,test,no_fire,fire,False,1,1,1,0,0.4276806116104126,0.4276806116104126,0.4276806116104126,0.4276806116104126,1.4104999718256295,53.29370795516297,0.6912079988978803,55.39541592588648,181.19329202454537,640,0.25,0.7,auto
2026-04-24T11:56:09,best,dataset/wildfire-dataset/the_wildfire_dataset_2n_version/test/fire/52466779720_f12b1c76f8_o.jpg,52466779720_f12b1c76f8_o.jpg,test,fire,fire,True,1,1,1,0,0.8606587648391724,0.8606587648391724,0.8606587648391724,0.8606587648391724,1.4053329941816628,56.755582976620644,0.606291985604912,58.76720795640722,65.99741702666506,640,0.25,0.7,auto
2026-04-24T11:56:09,best,dataset/wildfire-dataset/the_wildfire_dataset_2n_version/test/fire/50237377031_208e2379f2_o.jpg,50237377031_208e2379f2_o.jpg,test,fire,no_fire,False,0,0,0,0,,,,,1.5315840137191117,62.88420798955485,0.886416994035244,65.30220899730921,86.32291702087969,640,0.25,0.7,auto
2026-04-24T11:56:09,best,dataset/wildfire-dataset/the_wildfire_dataset_2n_version/test/nofire/filip-varga-AsgsGO6U78g-unsplash.jpg,filip-varga-AsgsGO6U78g-unsplash.jpg,test,no_fire,no_fire,True,0,0,0,0,,,,,1.277417002711445,48.712791001889855,0.33970799995586276,50.32991600455716,105.85633298614994,640,0.25,0.7,auto
2026-04-24T11:56:09,best,dataset/wildfire-dataset/the_wildfire_dataset_2n_version/test/nofire/marek-piwnicki-Yg7PWiIFqWM-unsplash.jpg,marek-piwnicki-Yg7PWiIFqWM-unsplash.jpg,test,no_fire,no_fire,True,0,0,0,0,,,,,1.2283329851925373,43.02937496686354,0.509207951836288,44.76691590389237,95.63504200195894,640,0.25,0.7,auto
2026-04-24T11:56:10,best,dataset/wildfire-dataset/the_wildfire_dataset_2n_version/test/fire/41816155542_df8bf25a37_o.jpg,41816155542_df8bf25a37_o.jpg,test,fire,fire,True,2,2,2,0,0.4501282572746277,0.36973677575588226,0.4501282572746277,0.36973677575588226,1.4591669896617532,49.447417026385665,0.5835829651914537,51.49016698123887,162.23908303072676,640,0.25,0.7,auto
2026-04-24T11:56:10,best,dataset/wildfire-dataset/the_wildfire_dataset_2n_version/test/fire/27389369514_cd30397ac2_o.jpg,27389369514_cd30397ac2_o.jpg,test,fire,fire,True,2,2,2,0,0.49411439895629883,0.41064903140068054,0.49411439895629883,0.41064903140068054,1.323290984146297,55.40237500099465,0.7060000207275152,57.431666005868465,92.31187496334314,640,0.25,0.7,auto
2026-04-24T11:56:10,best,dataset/wildfire-dataset/the_wildfire_dataset_2n_version/test/fire/52391937615_5103401805_o.jpg,52391937615_5103401805_o.jpg,test,fire,fire,True,2,2,2,0,0.4292421042919159,0.3976173400878906,0.4292421042919159,0.3976173400878906,1.1565000168047845,55.954208015464246,1.080124988220632,58.19083302048966,64.55770798493177,640,0.25,0.7,auto
2026-04-24T11:56:10,best,dataset/wildfire-dataset/the_wildfire_dataset_2n_version/test/fire/34957472404_14d39d5c12_o.jpg,34957472404_14d39d5c12_o.jpg,test,fire,fire,True,1,1,1,0,0.9146782159805298,0.9146782159805298,0.9146782159805298,0.9146782159805298,1.1735419975593686,54.27183402935043,0.3025000332854688,55.74787606019527,92.20520802773535,640,0.25,0.7,auto
2026-04-24T11:56:10,best,dataset/wildfire-dataset/the_wildfire_dataset_2n_version/test/nofire/thought-catalog-bGiMXk8sMHw-unsplash.jpg,thought-catalog-bGiMXk8sMHw-unsplash.jpg,test,no_fire,no_fire,True,0,0,0,0,,,,,1.4131669886410236,54.4850830337964,0.43887499487027526,56.3371250173077,88.06829201057553,640,0.25,0.7,auto
2026-04-24T11:56:10,best,dataset/wildfire-dataset/the_wildfire_dataset_2n_version/test/fire/9573568070_ec00ce554d_o.jpg,9573568070_ec00ce554d_o.jpg,test,fire,fire,True,6,6,1,5,0.8848696947097778,0.4609328856070836,0.8848696947097778,0.4609328856070836,1.1232499964535236,45.38241698173806,0.4033750155940652,46.90904199378565,76.14079199265689,640,0.25,0.7,auto
2026-04-24T11:56:10,best,dataset/wildfire-dataset/the_wildfire_dataset_2n_version/test/fire/48250134737_d2cd909008_o.jpg,48250134737_d2cd909008_o.jpg,test,fire,fire,True,2,2,1,1,0.8595385551452637,0.8068280816078186,0.8595385551452637,0.8068280816078186,1.303041004575789,48.918957996647805,0.6224579992704093,50.844457000494,73.68541700998321,640,0.25,0.7,auto
2026-04-24T11:56:10,best,dataset/wildfire-dataset/the_wildfire_dataset_2n_version/test/fire/20960888741_8c4be2c1df_o.jpg,20960888741_8c4be2c1df_o.jpg,test,fire,fire,True,2,2,2,0,0.3130475580692291,0.3009372502565384,0.3130475580692291,0.3009372502565384,1.212958013638854,44.697250006720424,0.588458962738514,46.49866698309779,69.84800001373515,640,0.25,0.7,auto
2026-04-24T11:56:10,best,dataset/wildfire-dataset/the_wildfire_dataset_2n_version/test/fire/51236039150_95c87d9260_o.jpg,51236039150_95c87d9260_o.jpg,test,fire,fire,True,1,1,1,0,0.3577219247817993,0.3577219247817993,0.3577219247817993,0.3577219247817993,1.373250037431717,51.95554194506258,0.4499159986153245,53.77870798110962,133.5570000228472,640,0.25,0.7,auto
2026-04-24T11:56:10,best,dataset/wildfire-dataset/the_wildfire_dataset_2n_version/test/fire/35015024723_7500837d08_o.jpg,35015024723_7500837d08_o.jpg,test,fire,fire,True,5,5,1,4,0.8835992217063904,0.5816911578178405,0.8835992217063904,0.5816911578178405,1.204208005219698,59.64641697937623,0.8822089876048267,61.73283397220075,69.16516704950482,640,0.25,0.7,auto
2026-04-24T11:56:10,best,dataset/wildfire-dataset/the_wildfire_dataset_2n_version/test/nofire/enrico-naletto-W0yZbLyshzc-unsplash.jpg,enrico-naletto-W0yZbLyshzc-unsplash.jpg,test,no_fire,no_fire,True,0,0,0,0,,,,,1.2387080350890756,48.59091597609222,0.14995801029726863,49.97958202147856,80.34604199929163,640,0.25,0.7,auto
2026-04-24T11:56:11,best,dataset/wildfire-dataset/the_wildfire_dataset_2n_version/test/nofire/lasma-artmane-II0WWqBorw0-unsplash.jpg,lasma-artmane-II0WWqBorw0-unsplash.jpg,test,no_fire,no_fire,True,0,0,0,0,,,,,1.2456669937819242,49.28412497974932,0.42504200246185064,50.9548339759931,113.25933295302093,640,0.25,0.7,auto
2026-04-24T11:56:11,best,dataset/wildfire-dataset/the_wildfire_dataset_2n_version/test/nofire/augustine-wong-pdjFlhFqznc-unsplash.jpg,augustine-wong-pdjFlhFqznc-unsplash.jpg,test,no_fire,no_fire,True,0,0,0,0,,,,,1.5511669917032123,53.14258299767971,0.515041989274323,55.208791978657246,243.82708396296948,640,0.25,0.7,auto
2026-04-24T11:56:11,best,dataset/wildfire-dataset/the_wildfire_dataset_2n_version/test/nofire/christopher-burns-9wgdqT2VNSE-unsplash.jpg,christopher-burns-9wgdqT2VNSE-unsplash.jpg,test,no_fire,no_fire,True,0,0,0,0,,,,,1.3049159897491336,60.818875033874065,0.6270420271903276,62.750833050813526,164.61858397815377,640,0.25,0.7,auto
2026-04-24T11:56:11,best,dataset/wildfire-dataset/the_wildfire_dataset_2n_version/test/fire/50517815722_17ae2240d2_o.jpg,50517815722_17ae2240d2_o.jpg,test,fire,fire,True,1,1,1,0,0.7684792876243591,0.7684792876243591,0.7684792876243591,0.7684792876243591,1.2703329557552934,59.0765830129385,0.7913330337032676,61.13824900239706,80.0117920152843,640,0.25,0.7,auto
2026-04-24T11:56:11,best,dataset/wildfire-dataset/the_wildfire_dataset_2n_version/test/fire/50517815882_2959039cc0_o.jpg,50517815882_2959039cc0_o.jpg,test,fire,fire,True,2,2,1,1,0.615369439125061,0.44544215500354767,0.615369439125061,0.44544215500354767,1.3723330339416862,50.82529201172292,0.3470830270089209,52.54470807267353,77.03050004784018,640,0.25,0.7,auto
2026-04-24T11:56:11,best,dataset/wildfire-dataset/the_wildfire_dataset_2n_version/test/fire/52178171048_d3745e41da_o.jpg,52178171048_d3745e41da_o.jpg,test,fire,fire,True,1,1,1,0,0.25824734568595886,0.25824734568595886,0.25824734568595886,0.25824734568595886,1.0257080430164933,53.17808297695592,0.6550420075654984,54.85883302753791,63.51975002326071,640,0.25,0.7,auto
2026-04-24T11:56:11,best,dataset/wildfire-dataset/the_wildfire_dataset_2n_version/test/fire/41870900650_fb240bb4ac_o.jpg,41870900650_fb240bb4ac_o.jpg,test,fire,no_fire,False,0,0,0,0,,,,,0.5022920086048543,53.851042001042515,0.18495897529646754,54.53829298494384,58.14258300233632,640,0.25,0.7,auto
2026-04-24T11:56:11,best,dataset/wildfire-dataset/the_wildfire_dataset_2n_version/test/fire/36171933842_96ffbd3205_o.jpg,36171933842_96ffbd3205_o.jpg,test,fire,fire,True,1,1,1,0,0.8717291951179504,0.8717291951179504,0.8717291951179504,0.8717291951179504,1.2605420197360218,49.164417025167495,0.26875000912696123,50.69370905403048,208.87570903869346,640,0.25,0.7,auto
2026-04-24T11:56:12,best,dataset/wildfire-dataset/the_wildfire_dataset_2n_version/test/fire/44629829372_5916777e44_o.jpg,44629829372_5916777e44_o.jpg,test,fire,fire,True,3,3,2,1,0.8061457872390747,0.6276569763819376,0.8061457872390747,0.6276569763819376,1.401832967530936,52.1490839892067,0.7769999792799354,54.32791693601757,133.9496659929864,640,0.25,0.7,auto
2026-04-24T11:56:12,best,dataset/wildfire-dataset/the_wildfire_dataset_2n_version/test/fire/35410492380_c881508ce7_o.jpg,35410492380_c881508ce7_o.jpg,test,fire,fire,True,2,2,2,0,0.7970263361930847,0.7127076089382172,0.7970263361930847,0.7127076089382172,1.7021250096149743,58.793375035747886,0.8277079905383289,61.32320803590119,85.34674998372793,640,0.25,0.7,auto
2026-04-24T11:56:12,best,dataset/wildfire-dataset/the_wildfire_dataset_2n_version/test/nofire/kym-mackinnon-DDyw4XRzojA-unsplash.jpg,kym-mackinnon-DDyw4XRzojA-unsplash.jpg,test,no_fire,no_fire,True,0,0,0,0,,,,,1.1932090274058282,51.15520901745185,0.28237502556294203,52.63079307042062,111.94170801900327,640,0.25,0.7,auto
2026-04-24T11:56:12,best,dataset/wildfire-dataset/the_wildfire_dataset_2n_version/test/nofire/smaran-alva-yOj9j2Ho-kE-unsplash.jpg,smaran-alva-yOj9j2Ho-kE-unsplash.jpg,test,no_fire,no_fire,True,0,0,0,0,,,,,1.3678750256076455,57.60233401088044,0.4675000091083348,59.43770904559642,157.00708399526775,640,0.25,0.7,auto
2026-04-24T11:56:12,best,dataset/wildfire-dataset/the_wildfire_dataset_2n_version/test/fire/28431967367_37bc44b0c1_o.jpg,28431967367_37bc44b0c1_o.jpg,test,fire,fire,True,2,2,1,1,0.8339066505432129,0.6848263740539551,0.8339066505432129,0.6848263740539551,1.3790830271318555,54.58845797693357,0.6307080038823187,56.59824900794774,118.16087499028072,640,0.25,0.7,auto
2026-04-24T11:56:12,best,dataset/wildfire-dataset/the_wildfire_dataset_2n_version/test/nofire/49200563427_e5295b4455_o.jpg,49200563427_e5295b4455_o.jpg,test,no_fire,no_fire,True,0,0,0,0,,,,,1.4371660072356462,51.26445897622034,0.5370830185711384,53.238708002027124,78.14245799090713,640,0.25,0.7,auto
2026-04-24T11:56:12,best,dataset/wildfire-dataset/the_wildfire_dataset_2n_version/test/fire/matt-palmer-qmFU0516eAk-unsplash.jpg,matt-palmer-qmFU0516eAk-unsplash.jpg,test,fire,fire,True,1,1,1,0,0.808173656463623,0.808173656463623,0.808173656463623,0.808173656463623,2.073541982099414,50.43320800177753,0.5052920314483345,53.01204201532528,319.34408302186057,640,0.25,0.7,auto
2026-04-24T11:56:13,best,dataset/wildfire-dataset/the_wildfire_dataset_2n_version/test/nofire/marek-piwnicki-C8pKTvqtug0-unsplash.jpg,marek-piwnicki-C8pKTvqtug0-unsplash.jpg,test,no_fire,no_fire,True,0,0,0,0,,,,,1.6070000128820539,53.19550004787743,1.0342909954488277,55.83679105620831,147.78029202716425,640,0.25,0.7,auto
2026-04-24T11:56:13,best,dataset/wildfire-dataset/the_wildfire_dataset_2n_version/test/nofire/mark-boss-KG8N1Rqf02w-unsplash.jpg,mark-boss-KG8N1Rqf02w-unsplash.jpg,test,no_fire,no_fire,True,0,0,0,0,,,,,1.1472500045783818,46.03883402887732,0.6025839829817414,47.78866801643744,98.3082500169985,640,0.25,0.7,auto
2026-04-24T11:56:13,best,dataset/wildfire-dataset/the_wildfire_dataset_2n_version/test/nofire/malik-skydsgaard-GxEOyQLP7xY-unsplash.jpg,malik-skydsgaard-GxEOyQLP7xY-unsplash.jpg,test,no_fire,fire,False,1,1,1,0,0.5892964005470276,0.5892964005470276,0.5892964005470276,0.5892964005470276,2.8990409919060767,53.98924998007715,0.678708020132035,57.56699899211526,237.95866698492318,640,0.25,0.7,auto
2026-04-24T11:56:13,best,dataset/wildfire-dataset/the_wildfire_dataset_2n_version/test/nofire/daniil-silantev-JfAzBxcRbv4-unsplash.jpg,daniil-silantev-JfAzBxcRbv4-unsplash.jpg,test,no_fire,no_fire,True,0,0,0,0,,,,,1.9197080400772393,59.354541008360684,1.0917919571511447,62.36604100558907,101.64095798972994,640,0.25,0.7,auto
2026-04-24T11:56:13,best,dataset/wildfire-dataset/the_wildfire_dataset_2n_version/test/fire/28537699003_1a422593ca_o.jpg,28537699003_1a422593ca_o.jpg,test,fire,fire,True,1,1,1,0,0.7371348738670349,0.7371348738670349,0.7371348738670349,0.7371348738670349,0.93887496041134,58.23108303593472,1.0748750064522028,60.24483300279826,61.449082975741476,640,0.25,0.7,auto
2026-04-24T11:56:13,best,dataset/wildfire-dataset/the_wildfire_dataset_2n_version/test/fire/52230132421_efbcf13fe2_o.png,52230132421_efbcf13fe2_o.png,test,fire,fire,True,2,2,2,0,0.4915335476398468,0.4396783709526062,0.4915335476398468,0.4396783709526062,0.976166978944093,52.881083043757826,0.23966701701283455,54.096917039714754,71.83650002116337,640,0.25,0.7,auto
2026-04-24T11:56:13,best,dataset/wildfire-dataset/the_wildfire_dataset_2n_version/test/nofire/kym-mackinnon-imEpwtWEPPQ-unsplash.jpg,kym-mackinnon-imEpwtWEPPQ-unsplash.jpg,test,no_fire,no_fire,True,0,0,0,0,,,,,1.2398340040817857,42.82733297441155,0.17679203301668167,44.243959011510015,108.72133303200826,640,0.25,0.7,auto
2026-04-24T11:56:13,best,dataset/wildfire-dataset/the_wildfire_dataset_2n_version/test/nofire/alan-hardman-pLq3oZDUEWk-unsplash.jpg,alan-hardman-pLq3oZDUEWk-unsplash.jpg,test,no_fire,fire,False,9,9,0,9,0.701781690120697,0.44094304574860466,0.701781690120697,0.44094304574860466,1.7310830298811197,65.12837501941249,0.6905000191181898,67.5499580684118,162.7374580129981,640,0.25,0.7,auto
2026-04-24T11:56:14,best,dataset/wildfire-dataset/the_wildfire_dataset_2n_version/test/nofire/t-selin-erkan--2xRZIGu3EU-unsplash.jpg,t-selin-erkan--2xRZIGu3EU-unsplash.jpg,test,no_fire,no_fire,True,0,0,0,0,,,,,1.4097079983912408,49.150582985021174,0.4795420099981129,51.03983299341053,125.18270796863362,640,0.25,0.7,auto
2026-04-24T11:56:14,best,dataset/wildfire-dataset/the_wildfire_dataset_2n_version/test/fire/28347651877_ce21ed134e_o.png,28347651877_ce21ed134e_o.png,test,fire,fire,True,1,1,1,0,0.917231559753418,0.917231559753418,0.917231559753418,0.917231559753418,0.9857499971985817,51.36633396614343,0.6554999854415655,53.00758394878358,61.43708300078288,640,0.25,0.7,auto
2026-04-24T11:56:14,best,dataset/wildfire-dataset/the_wildfire_dataset_2n_version/test/nofire/nathan-anderson-EZ9kyweogsI-unsplash.jpg,nathan-anderson-EZ9kyweogsI-unsplash.jpg,test,no_fire,no_fire,True,0,0,0,0,,,,,1.3783330214209855,51.90799996489659,0.14058302622288465,53.42691601254046,108.35991601925343,640,0.25,0.7,auto
2026-04-24T11:56:14,best,dataset/wildfire-dataset/the_wildfire_dataset_2n_version/test/nofire/evan-leith-7fuZmBjjXjE-unsplash.jpg,evan-leith-7fuZmBjjXjE-unsplash.jpg,test,no_fire,no_fire,True,0,0,0,0,,,,,1.5810420154593885,60.42533298023045,0.43779099360108376,62.44416598929092,111.33124999469146,640,0.25,0.7,auto
2026-04-24T11:56:14,best,dataset/wildfire-dataset/the_wildfire_dataset_2n_version/test/nofire/52358616216_ec885ff145_o.jpg,52358616216_ec885ff145_o.jpg,test,no_fire,fire,False,2,2,2,0,0.5785015225410461,0.4296318590641022,0.5785015225410461,0.4296318590641022,1.462249958422035,48.93912497209385,0.4414590075612068,50.84283393807709,124.85770898638293,640,0.25,0.7,auto
2026-04-24T11:56:14,best,dataset/wildfire-dataset/the_wildfire_dataset_2n_version/test/fire/33116128054_0169df2131_o.jpg,33116128054_0169df2131_o.jpg,test,fire,fire,True,1,1,1,0,0.3720064163208008,0.3720064163208008,0.3720064163208008,0.3720064163208008,0.8444589911960065,44.59083400433883,1.1236249702051282,46.558917965739965,51.577000005636364,640,0.25,0.7,auto
2026-04-24T11:56:14,best,dataset/wildfire-dataset/the_wildfire_dataset_2n_version/test/fire/36171934502_d220ec0b90_o.jpg,36171934502_d220ec0b90_o.jpg,test,fire,fire,True,4,4,2,2,0.87123042345047,0.5790669545531273,0.87123042345047,0.5790669545531273,1.3927919790148735,54.14337496040389,0.27004204457625747,55.80620898399502,202.12054200237617,640,0.25,0.7,auto
2026-04-24T11:56:14,best,dataset/wildfire-dataset/the_wildfire_dataset_2n_version/test/fire/michael-chacon-wRw3L6hwB2E-unsplash.jpg,michael-chacon-wRw3L6hwB2E-unsplash.jpg,test,fire,fire,True,3,3,1,2,0.8575994372367859,0.6577096780141195,0.8575994372367859,0.6577096780141195,1.2981250183656812,52.62604198651388,0.7125829579308629,54.63674996281043,127.48962501063943,640,0.25,0.7,auto
2026-04-24T11:56:15,best,dataset/wildfire-dataset/the_wildfire_dataset_2n_version/test/nofire/ethan-dow-l7Wb6FXHIOQ-unsplash.jpg,ethan-dow-l7Wb6FXHIOQ-unsplash.jpg,test,no_fire,no_fire,True,0,0,0,0,,,,,1.455834018997848,53.63924999255687,0.42754196329042315,55.52262597484514,152.4760409956798,640,0.25,0.7,auto
2026-04-24T11:56:15,best,dataset/wildfire-dataset/the_wildfire_dataset_2n_version/test/nofire/marek-piwnicki-Z45VspLrGYk-unsplash.jpg,marek-piwnicki-Z45VspLrGYk-unsplash.jpg,test,no_fire,fire,False,1,1,1,0,0.38021406531333923,0.38021406531333923,0.38021406531333923,0.38021406531333923,1.2018330162391067,47.77604102855548,0.6024590111337602,49.58033305592835,132.8765000216663,640,0.25,0.7,auto
2026-04-24T11:56:15,best,dataset/wildfire-dataset/the_wildfire_dataset_2n_version/test/nofire/calvin-craig-MLf4-0_k-P8-unsplash.jpg,calvin-craig-MLf4-0_k-P8-unsplash.jpg,test,no_fire,fire,False,1,1,1,0,0.788896381855011,0.788896381855011,0.788896381855011,0.788896381855011,1.282125012949109,50.49795797094703,0.6719580269418657,52.452041010838,103.05045900167897,640,0.25,0.7,auto
2026-04-24T11:56:15,best,dataset/wildfire-dataset/the_wildfire_dataset_2n_version/test/nofire/erik-mclean-0aYkdo3XfYo-unsplash.jpg,erik-mclean-0aYkdo3XfYo-unsplash.jpg,test,no_fire,no_fire,True,0,0,0,0,,,,,1.4284999924711883,50.362958980258554,0.6603749934583902,52.45183396618813,86.7586670210585,640,0.25,0.7,auto
2026-04-24T11:56:15,best,dataset/wildfire-dataset/the_wildfire_dataset_2n_version/test/fire/35436611810_9b938fc10c_o.jpg,35436611810_9b938fc10c_o.jpg,test,fire,fire,True,1,1,1,0,0.8798744678497314,0.8798744678497314,0.8798744678497314,0.8798744678497314,1.1530830524861813,51.43799999495968,0.5344999954104424,53.125583042856306,60.47841696999967,640,0.25,0.7,auto
2026-04-24T11:56:15,best,dataset/wildfire-dataset/the_wildfire_dataset_2n_version/test/nofire/daniil-silantev-VggwSJxYlAw-unsplash.jpg,daniil-silantev-VggwSJxYlAw-unsplash.jpg,test,no_fire,fire,False,1,1,1,0,0.7549787163734436,0.7549787163734436,0.7549787163734436,0.7549787163734436,1.2693749740719795,54.44879102287814,0.4076670156791806,56.1258330126293,95.65716696670279,640,0.25,0.7,auto
2026-04-24T11:56:16,best,dataset/wildfire-dataset/the_wildfire_dataset_2n_version/test/fire/50321123752_d1ae13455a_o.jpg,50321123752_d1ae13455a_o.jpg,test,fire,fire,True,1,1,0,1,0.6388174295425415,0.6388174295425415,0.6388174295425415,0.6388174295425415,1.7419999931007624,70.34533401019871,0.46675000339746475,72.55408400669694,587.8020420204848,640,0.25,0.7,auto
2026-04-24T11:56:16,best,dataset/wildfire-dataset/the_wildfire_dataset_2n_version/test/nofire/chris-barbalis-SIbpq4Lvzdk-unsplash.jpg,chris-barbalis-SIbpq4Lvzdk-unsplash.jpg,test,no_fire,no_fire,True,0,0,0,0,,,,,1.295124995522201,49.84770802548155,1.4182080049067736,52.56104102591053,101.13374999491498,640,0.25,0.7,auto
2026-04-24T11:56:16,best,dataset/wildfire-dataset/the_wildfire_dataset_2n_version/test/fire/42582898944_13a64c057f_o.jpg,42582898944_13a64c057f_o.jpg,test,fire,fire,True,5,5,1,4,0.8291404843330383,0.5116626143455505,0.8291404843330383,0.5116626143455505,1.3076249742880464,52.127417002338916,0.6927920039743185,54.12783398060128,116.96979199768975,640,0.25,0.7,auto
2026-04-24T11:56:16,best,dataset/wildfire-dataset/the_wildfire_dataset_2n_version/test/nofire/marek-piwnicki-mTmKpI53NcY-unsplash.jpg,marek-piwnicki-mTmKpI53NcY-unsplash.jpg,test,no_fire,no_fire,True,0,0,0,0,,,,,1.2358329840935767,47.070000029634684,0.5683749914169312,48.87420800514519,142.47345802141353,640,0.25,0.7,auto
2026-04-24T11:56:16,best,dataset/wildfire-dataset/the_wildfire_dataset_2n_version/test/fire/27968020506_5f1a59f2a5_o.jpg,27968020506_5f1a59f2a5_o.jpg,test,fire,fire,True,1,1,1,0,0.8581671714782715,0.8581671714782715,0.8581671714782715,0.8581671714782715,1.2771250330843031,48.02466696128249,0.5420419620350003,49.843833956401795,56.148083007428795,640,0.25,0.7,auto
2026-04-24T11:56:16,best,dataset/wildfire-dataset/the_wildfire_dataset_2n_version/test/nofire/bahadir-L2G0g3mSliU-unsplash.jpg,bahadir-L2G0g3mSliU-unsplash.jpg,test,no_fire,no_fire,True,0,0,0,0,,,,,1.2170829577371478,37.78483299538493,0.2395000192336738,39.24141597235575,190.50804199650884,640,0.25,0.7,auto
2026-04-24T11:56:16,best,dataset/wildfire-dataset/the_wildfire_dataset_2n_version/test/fire/52106050158_5ef7a57835_o.jpg,52106050158_5ef7a57835_o.jpg,test,fire,fire,True,1,1,1,0,0.4570065140724182,0.4570065140724182,0.4570065140724182,0.4570065140724182,2.421208017040044,55.60766695998609,1.0601250105537474,59.08899998757988,240.37324998062104,640,0.25,0.7,auto
2026-04-24T11:56:17,best,dataset/wildfire-dataset/the_wildfire_dataset_2n_version/test/fire/42818488645_1588e3fc8d_o.jpg,42818488645_1588e3fc8d_o.jpg,test,fire,fire,True,1,1,1,0,0.2673635184764862,0.2673635184764862,0.2673635184764862,0.2673635184764862,1.2971250107511878,49.04087499016896,1.0783749748952687,51.416374975815415,206.8461250164546,640,0.25,0.7,auto
2026-04-24T11:56:17,best,dataset/wildfire-dataset/the_wildfire_dataset_2n_version/test/fire/32923781413_197187fc02_o.jpg,32923781413_197187fc02_o.jpg,test,fire,fire,True,1,1,1,0,0.8928171396255493,0.8928171396255493,0.8928171396255493,0.8928171396255493,1.2766659492626786,50.80554203595966,0.7559999939985573,52.8382079792209,75.18687500851229,640,0.25,0.7,auto
2026-04-24T11:56:17,best,dataset/wildfire-dataset/the_wildfire_dataset_2n_version/test/fire/27951228213_2dd961ac1f_o.jpg,27951228213_2dd961ac1f_o.jpg,test,fire,fire,True,5,5,1,4,0.9003267288208008,0.5822170495986938,0.9003267288208008,0.5822170495986938,1.2381669948808849,49.72708300920203,1.433042052667588,52.398292056750506,57.24258301779628,640,0.25,0.7,auto
2026-04-24T11:56:17,best,dataset/wildfire-dataset/the_wildfire_dataset_2n_version/test/nofire/52358931719_b6fbcc77f2_o.jpg,52358931719_b6fbcc77f2_o.jpg,test,no_fire,no_fire,True,0,0,0,0,,,,,1.346500008367002,45.99516704911366,0.26608299231156707,47.60775004979223,123.4949590289034,640,0.25,0.7,auto
2026-04-24T11:56:17,best,dataset/wildfire-dataset/the_wildfire_dataset_2n_version/test/nofire/52359041065_1566fd6ec1_o.jpg,52359041065_1566fd6ec1_o.jpg,test,no_fire,no_fire,True,0,0,0,0,,,,,0.7736249826848507,30.700874980539083,0.44312496902421117,31.917624932248145,72.92775000678375,640,0.25,0.7,auto
2026-04-24T11:56:17,best,dataset/wildfire-dataset/the_wildfire_dataset_2n_version/test/nofire/casey-horner-TI2iMeyOo-o-unsplash.jpg,casey-horner-TI2iMeyOo-o-unsplash.jpg,test,no_fire,no_fire,True,0,0,0,0,,,,,1.4308750396594405,49.35420799301937,0.39958301931619644,51.18466605199501,182.52333300188184,640,0.25,0.7,auto
2026-04-24T11:56:17,best,dataset/wildfire-dataset/the_wildfire_dataset_2n_version/test/fire/35436556160_7c7c9ab2b2_o.jpg,35436556160_7c7c9ab2b2_o.jpg,test,fire,fire,True,1,1,1,0,0.8642529845237732,0.8642529845237732,0.8642529845237732,0.8642529845237732,0.860332977026701,44.77508395211771,1.0612080222927034,46.696624951437116,50.90379202738404,640,0.25,0.7,auto
2026-04-24T11:56:17,best,dataset/wildfire-dataset/the_wildfire_dataset_2n_version/test/fire/52304531978_24c1bbebcf_o.png,52304531978_24c1bbebcf_o.png,test,fire,fire,True,4,4,1,3,0.8242711424827576,0.4859587103128433,0.8242711424827576,0.4859587103128433,1.2198330368846655,51.67424998944625,0.257332983892411,53.15141601022333,66.28770899260417,640,0.25,0.7,auto
2026-04-24T11:56:18,best,dataset/wildfire-dataset/the_wildfire_dataset_2n_version/test/nofire/john-towner-89PFnHKg8HE-unsplash.jpg,john-towner-89PFnHKg8HE-unsplash.jpg,test,no_fire,fire,False,3,3,0,3,0.6932568550109863,0.493291715780894,0.6932568550109863,0.493291715780894,1.5540419844910502,54.20066701481119,0.7370830280706286,56.49179202737287,336.3207909860648,640,0.25,0.7,auto
2026-04-24T11:56:18,best,dataset/wildfire-dataset/the_wildfire_dataset_2n_version/test/nofire/spencer-watson-bYLHitxMHmU-unsplash.jpg,spencer-watson-bYLHitxMHmU-unsplash.jpg,test,no_fire,no_fire,True,0,0,0,0,,,,,1.497833989560604,69.83283295994624,1.1798749910667539,72.5105419405736,93.78087503137067,640,0.25,0.7,auto
2026-04-24T11:56:18,best,dataset/wildfire-dataset/the_wildfire_dataset_2n_version/test/nofire/scott-taylor-rOrGGkyllm4-unsplash.jpg,scott-taylor-rOrGGkyllm4-unsplash.jpg,test,no_fire,no_fire,True,0,0,0,0,,,,,1.4378749765455723,63.09187499573454,0.3242920502088964,64.85404202248901,121.56295799650252,640,0.25,0.7,auto
2026-04-24T11:56:18,best,dataset/wildfire-dataset/the_wildfire_dataset_2n_version/test/nofire/mathilda-khoo-00qUCwYToAY-unsplash.jpg,mathilda-khoo-00qUCwYToAY-unsplash.jpg,test,no_fire,no_fire,True,0,0,0,0,,,,,1.2214580201543868,50.54750002454966,0.4310410004109144,52.199999045114964,115.27608300093561,640,0.25,0.7,auto
2026-04-24T11:56:18,best,dataset/wildfire-dataset/the_wildfire_dataset_2n_version/test/nofire/steven-van-elk-Vu23WPzGBr8-unsplash.jpg,steven-van-elk-Vu23WPzGBr8-unsplash.jpg,test,no_fire,no_fire,True,0,0,0,0,,,,,1.3977910275571048,51.59541603643447,0.61570800608024,53.608915070071816,75.41712501551956,640,0.25,0.7,auto
2026-04-24T11:56:18,best,dataset/wildfire-dataset/the_wildfire_dataset_2n_version/test/nofire/dave-hoefler-H2fNMhs7lVo-unsplash.jpg,dave-hoefler-H2fNMhs7lVo-unsplash.jpg,test,no_fire,no_fire,True,0,0,0,0,,,,,1.3878750032745302,50.927417003549635,0.42987498454749584,52.74516699137166,118.21783398045227,640,0.25,0.7,auto
2026-04-24T11:56:18,best,dataset/wildfire-dataset/the_wildfire_dataset_2n_version/test/fire/malachi-brooks-44Kg_VToFzU-unsplash.jpg,malachi-brooks-44Kg_VToFzU-unsplash.jpg,test,fire,fire,True,1,1,1,0,0.8742154836654663,0.8742154836654663,0.8742154836654663,0.8742154836654663,1.4960000407882035,50.701792002655566,0.5985000170767307,52.7962920605205,79.05791699886322,640,0.25,0.7,auto
2026-04-24T11:56:18,best,dataset/wildfire-dataset/the_wildfire_dataset_2n_version/test/fire/37325108026_bb99689e1f_o.jpg,37325108026_bb99689e1f_o.jpg,test,fire,fire,True,5,5,2,3,0.7554664015769958,0.5199772596359253,0.7554664015769958,0.5199772596359253,1.3661669800058007,51.37837497750297,0.6006670300848782,53.34520898759365,66.89570803428069,640,0.25,0.7,auto
2026-04-24T11:56:19,best,dataset/wildfire-dataset/the_wildfire_dataset_2n_version/test/fire/36296148516_0a2b440e28_o.jpg,36296148516_0a2b440e28_o.jpg,test,fire,fire,True,2,2,2,0,0.5922592282295227,0.4487341046333313,0.5922592282295227,0.4487341046333313,1.4339159824885428,48.53720898972824,0.4290830111131072,50.40020798332989,197.5139160058461,640,0.25,0.7,auto
2026-04-24T11:56:19,best,dataset/wildfire-dataset/the_wildfire_dataset_2n_version/test/fire/9600858470_9d349a2271_o.jpg,9600858470_9d349a2271_o.jpg,test,fire,fire,True,2,2,1,1,0.8975877165794373,0.5909585058689117,0.8975877165794373,0.5909585058689117,1.3717500260099769,45.974790991749614,0.6393750081770122,47.9859160259366,69.04149998445064,640,0.25,0.7,auto
2026-04-24T11:56:19,best,dataset/wildfire-dataset/the_wildfire_dataset_2n_version/test/nofire/nathan-anderson-ajFuxNTkRiE-unsplash.jpg,nathan-anderson-ajFuxNTkRiE-unsplash.jpg,test,no_fire,no_fire,True,0,0,0,0,,,,,1.3349999790079892,50.03637500340119,0.4147500148974359,51.786124997306615,115.67116703372449,640,0.25,0.7,auto
2026-04-24T11:56:19,best,dataset/wildfire-dataset/the_wildfire_dataset_2n_version/test/nofire/nathan-anderson-YWWMGwXX2JY-unsplash.jpg,nathan-anderson-YWWMGwXX2JY-unsplash.jpg,test,no_fire,no_fire,True,0,0,0,0,,,,,1.346083008684218,49.71579200355336,0.5849169683642685,51.64679198060185,107.2722080280073,640,0.25,0.7,auto
2026-04-24T11:56:19,best,dataset/wildfire-dataset/the_wildfire_dataset_2n_version/test/nofire/sander-weeteling-rLvCmdZrS4Y-unsplash.jpg,sander-weeteling-rLvCmdZrS4Y-unsplash.jpg,test,no_fire,no_fire,True,0,0,0,0,,,,,1.2659580097533762,44.483042031060904,0.44779194286093116,46.19679198367521,111.76812497433275,640,0.25,0.7,auto
2026-04-24T11:56:19,best,dataset/wildfire-dataset/the_wildfire_dataset_2n_version/test/nofire/olivier-mesnage-lO6DOAIxDE0-unsplash.jpg,olivier-mesnage-lO6DOAIxDE0-unsplash.jpg,test,no_fire,no_fire,True,0,0,0,0,,,,,1.5413329820148647,50.00837496481836,0.3316249931231141,51.88133293995634,163.4834579890594,640,0.25,0.7,auto
2026-04-24T11:56:19,best,dataset/wildfire-dataset/the_wildfire_dataset_2n_version/test/nofire/max-voxberg-hY5OUxg_Zgc-unsplash.jpg,max-voxberg-hY5OUxg_Zgc-unsplash.jpg,test,no_fire,no_fire,True,0,0,0,0,,,,,1.6060000052675605,50.83933298010379,0.4296250408515334,52.874958026222885,146.8150420114398,640,0.25,0.7,auto
2026-04-24T11:56:19,best,dataset/wildfire-dataset/the_wildfire_dataset_2n_version/test/nofire/nathan-queloz-gkMuexmFMR4-unsplash.jpg,nathan-queloz-gkMuexmFMR4-unsplash.jpg,test,no_fire,fire,False,1,1,1,0,0.6338931918144226,0.6338931918144226,0.6338931918144226,0.6338931918144226,1.3758749701082706,50.14120804844424,0.6186669925227761,52.13575001107529,138.14858300611377,640,0.25,0.7,auto
2026-04-24T11:56:19,best,dataset/wildfire-dataset/the_wildfire_dataset_2n_version/test/nofire/tolga-ahmetler-_b_80WiUkzY-unsplash.jpg,tolga-ahmetler-_b_80WiUkzY-unsplash.jpg,test,no_fire,no_fire,True,0,0,0,0,,,,,1.329875027295202,49.710707971826196,0.41850004345178604,51.459083042573184,87.42587501183152,640,0.25,0.7,auto
2026-04-24T11:56:20,best,dataset/wildfire-dataset/the_wildfire_dataset_2n_version/test/nofire/john-gibbons-fB_aqZDhKFw-unsplash.jpg,john-gibbons-fB_aqZDhKFw-unsplash.jpg,test,no_fire,no_fire,True,0,0,0,0,,,,,1.2649159762077034,48.53000002913177,0.41466602124273777,50.20958202658221,168.98337501334026,640,0.25,0.7,auto
2026-04-24T11:56:20,best,dataset/wildfire-dataset/the_wildfire_dataset_2n_version/test/fire/52561565423_bbc7b2daf8_o.jpg,52561565423_bbc7b2daf8_o.jpg,test,fire,no_fire,False,0,0,0,0,,,,,1.5935419942252338,50.242708006408066,0.48041698755696416,52.31666698819026,98.29187497962266,640,0.25,0.7,auto
2026-04-24T11:56:20,best,dataset/wildfire-dataset/the_wildfire_dataset_2n_version/test/fire/29217093202_705f9dda46_o.jpg,29217093202_705f9dda46_o.jpg,test,fire,fire,True,1,1,1,0,0.3819507658481598,0.3819507658481598,0.3819507658481598,0.3819507658481598,1.4444590196944773,63.655042031314224,0.5681249895133078,65.66762604052201,158.79066701745614,640,0.25,0.7,auto
2026-04-24T11:56:20,best,dataset/wildfire-dataset/the_wildfire_dataset_2n_version/test/fire/28431975607_7fc4cc466c_o.jpg,28431975607_7fc4cc466c_o.jpg,test,fire,fire,True,2,2,1,1,0.7281842827796936,0.7060509622097015,0.7281842827796936,0.7060509622097015,1.3090410502627492,50.03641697112471,0.7628329913131893,52.10829101270065,116.28654098603874,640,0.25,0.7,auto
2026-04-24T11:56:20,best,dataset/wildfire-dataset/the_wildfire_dataset_2n_version/test/nofire/marek-piwnicki-H7oXHL19SlU-unsplash.jpg,marek-piwnicki-H7oXHL19SlU-unsplash.jpg,test,no_fire,no_fire,True,0,0,0,0,,,,,1.530375040601939,37.08120796363801,2.004291978664696,40.61587498290464,315.26816700352356,640,0.25,0.7,auto
2026-04-24T11:56:20,best,dataset/wildfire-dataset/the_wildfire_dataset_2n_version/test/fire/51840740734_ef14b3e4dd_o.jpg,51840740734_ef14b3e4dd_o.jpg,test,fire,fire,True,2,2,1,1,0.7957375645637512,0.6238160878419876,0.7957375645637512,0.6238160878419876,0.8808749844320118,52.733832970261574,2.3898750077933073,56.00458296248689,59.622792003210634,640,0.25,0.7,auto
2026-04-24T11:56:20,best,dataset/wildfire-dataset/the_wildfire_dataset_2n_version/test/fire/42286648270_e517db94be_o.jpg,42286648270_e517db94be_o.jpg,test,fire,fire,True,4,4,4,0,0.46092650294303894,0.41597095876932144,0.46092650294303894,0.41597095876932144,1.4009170117788017,50.615582964383066,0.29799999902024865,52.314499975182116,109.43733301246539,640,0.25,0.7,auto
2026-04-24T11:56:21,best,dataset/wildfire-dataset/the_wildfire_dataset_2n_version/test/fire/8469662828_371dbcb70d_o.jpg,8469662828_371dbcb70d_o.jpg,test,fire,fire,True,4,4,2,2,0.7323784232139587,0.43135327845811844,0.7323784232139587,0.43135327845811844,1.330166996922344,47.41916700731963,0.6832499639131129,49.432583968155086,63.593458966352046,640,0.25,0.7,auto
2026-04-24T11:56:21,best,dataset/wildfire-dataset/the_wildfire_dataset_2n_version/test/fire/52871129020_848fde461c_o.jpg,52871129020_848fde461c_o.jpg,test,fire,fire,True,1,1,1,0,0.47205957770347595,0.47205957770347595,0.47205957770347595,0.47205957770347595,1.2701660161837935,53.887334011960775,0.46491698594763875,55.62241701409221,63.72891599312425,640,0.25,0.7,auto
2026-04-24T11:56:21,best,dataset/wildfire-dataset/the_wildfire_dataset_2n_version/test/fire/27335331950_39b376eddd_o.jpg,27335331950_39b376eddd_o.jpg,test,fire,fire,True,11,11,0,11,0.7431313395500183,0.4825272803956812,0.7431313395500183,0.4825272803956812,1.4439160004258156,48.452625051140785,0.35437504993751645,50.25091610150412,90.44012502999976,640,0.25,0.7,auto
2026-04-24T11:56:21,best,dataset/wildfire-dataset/the_wildfire_dataset_2n_version/test/nofire/tobias-reich-SfhLrF4yxXI-unsplash.jpg,tobias-reich-SfhLrF4yxXI-unsplash.jpg,test,no_fire,fire,False,1,1,1,0,0.39460739493370056,0.39460739493370056,0.39460739493370056,0.39460739493370056,1.5228749834932387,53.39099996490404,0.5279169999994338,55.44179194839671,99.11062504397705,640,0.25,0.7,auto
